InvoiceNo,StockCode,Description,Quantity,InvoiceDate,UnitPrice,CustomerID,Country
536365,85123A,WHITE HANGING HEART T-LIGHT HOLDER,6,12/1/2010 8:26,2.55,17850,United Kingdom
536365,71053,WHITE METAL LANTERN,6,12/1/2010 8:26,3.39,17850,United Kingdom
536365,84406B,CREAM CUPID HEARTS COAT HANGER,8,12/1/2010 8:26,2.75,17850,United Kingdom
536366,22633,HAND WARMER UNION JACK,6,12/1/2010 8:28,1.85,17850,United Kingdom
536366,22632,HAND WARMER RED POLKA DOT,6,12/1/2010 8:28,1.85,17850,United Kingdom
536367,84879,ASSORTED COLOUR BIRD ORNAMENT,32,12/1/2010 8:34,1.69,13047,United Kingdom
536367,22745,POPPY'S PLAYHOUSE BEDROOM,6,12/1/2010 8:34,2.10,13047,United Kingdom
536367,22748,POPPY'S PLAYHOUSE KITCHEN,6,12/1/2010 8:34,2.10,13047,United Kingdom
536368,22960,JAM MAKING SET WITH JARS,6,12/1/2010 8:34,4.25,13047,United Kingdom
